<!-->
	IMPORTANT NOTICE TO MODPACK MAKERS!!!!
	
	XML recipes are being DEPRECATED soon.
	This means that recipes registered via the XML for MACHINES will no longer work
	To avoid issues that may arise from this, please either distribute a RESOURCE PACK
	with relevant JSON recipes OR user Craft tweaker + Advanced rocketry tweaker (3rd party)
	https://minecraft.curseforge.com/projects/advanced-rocketry-tweaker
	
	IMPORTANT NOTICE TO MODPACK MAKERS!!!!
	
	
	<Recipe timeRequired="NUMBER" power="NUMBER">
		<input>
			<fluidStack>FLUID NAME;SIZE</fluidStack>
			<itemStack>ITEM_NAME;SIZE;META</itemStack>
			<oreDict>OREDICT_NAME;SIZE</oreDict>
        </input>
		<output>
			<fluidStack>FLUID_NAME;SIZE</fluidStack>
			<itemStack>ITEM_NAME;SIZE;META</itemStack>
			<oreDict>OREDICT_NAME;SIZE</oreDict>
		</output>
	</Recipe>
	
	Can have Multiple In/Outputs
	Some Machines can only Accept either Fluids or Items
	
	timeRequired="NUMBER"	how long a Recipe takes, Unit is in Ticks.
	power="NUMBER" how much Power the Recipes takes per Tick. Unit is in RF.
	
	The "useDefault" attribute will prevent loading of recipes if set to "false"
<!-->
<Recipes useDefault="true">
	<Recipe timeRequired="12000" power ="1">
		<input>
			<itemStack>minecraft:sand</itemStack>
		</input>
		<output>
			<itemStack>libvulpes:productingot;1;3</itemStack>
		</output>
	</Recipe>
	<Recipe timeRequired="3000" power ="20">
		<input>
			<itemStack>ic2:misc_resource;1;1</itemStack>
			<itemStack>libvulpes:productingot;1;7</itemStack>
		</input>
		<output>
			<itemStack>advancedrocketry:productingot;2;1</itemStack>
		</output>
	</Recipe>
	<Recipe timeRequired="9000" power ="20">
		<input>
			<itemStack>libvulpes:productingot;7;9</itemStack>
			<itemStack>libvulpes:productingot;3;7</itemStack>
		</input>
		<output>
			<itemStack>advancedrocketry:productingot;3</itemStack>
		</output>
	</Recipe>
	<Recipe timeRequired="6000" power ="1">
		<input>
			<itemStack>minecraft:coal;1;1</itemStack>
			<itemStack>minecraft:iron_ingot</itemStack>
		</input>
		<output>
			<itemStack>ic2:ingot;1;5</itemStack>
		</output>
	</Recipe>
	<Recipe timeRequired="100" power ="10">
		<input>
			<oreDict>oreRutile</oreDict>
		</input>
		<output>
			<itemStack>libvulpes:productingot;1;7</itemStack>
		</output>
	</Recipe>
</Recipes>